N_LOADER_THREADS,N_WORKERS,Q_MAX,total_time_s,throughput_files_s,avg_latency_s
1,1,4,0.1524269000001368,1115.2887056014877,0.002914394117627072
1,1,32,0.14217789999929664,1195.6851240652802,0.02323797588237807
1,2,4,0.1466112999996767,1159.5286311517248,0.002859054117652704
1,2,32,0.14627649999965797,1162.18257888586,0.022432157058836524
1,4,4,0.1887285000002521,900.7648553333117,0.003581044117634198
1,4,32,0.18429730000025302,922.422629087711,0.027470162352935458
1,10,4,0.2047523999999612,830.2710981655513,0.0038661141176870683
1,10,32,0.2880298000000039,590.2167067435304,0.03505644470591077
2,1,4,0.1449080000002141,1173.1581417157704,0.002876348235306924
2,1,32,0.13559510000050068,1253.732620126924,0.02208641117649142
2,2,4,0.1791949000007662,948.6877137645831,0.0035453511764899303
2,2,32,0.14681560000008176,1157.9150989397947,0.02235808117653398
2,4,4,0.194882000000689,872.3227388850636,0.003714914117635464
2,4,32,0.20125709999956598,844.6906966281766,0.02903733823528348
2,10,4,0.22481119999974908,756.1900830572042,0.004484704705876485
2,10,32,0.34918610000022454,486.8464122709658,0.04098966529412899
4,1,4,0.1787928000003376,950.8212858665394,0.0035275370588137506
4,1,32,0.18228739999995014,932.593256582992,0.028192377647043458
4,2,4,0.19369060000008176,877.6884371256439,0.0035559488235294874
4,2,32,0.19934769999963464,852.7813463627199,0.03084659470582932
4,4,4,0.24069210000016028,706.2965506549106,0.004528212352964628
4,4,32,0.23609300000043731,720.0552324706158,0.0343805200000187
4,10,4,0.23453669999980775,724.8332563736906,0.004393305882368783
4,10,32,0.3123723000007885,544.2223910365,0.03828491000001176
